-- Automatically generated by SQLQueryTestSuite
-- Number of queries: 25


-- !query
select extract(YEAR from interval '2-1' YEAR TO MONTH)
-- !query schema
struct<extract(YEAR FROM INTERVAL '2-1' YEAR TO MONTH):int>
-- !query output
2


-- !query
select date_part('YEAR', interval '2-1' YEAR TO MONTH)
-- !query schema
struct<date_part(YEAR, INTERVAL '2-1' YEAR TO MONTH):int>
-- !query output
2


-- !query
select extract(YEAR from -interval '2-1' YEAR TO MONTH)
-- !query schema
struct<extract(YEAR FROM (- INTERVAL '2-1' YEAR TO MONTH)):int>
-- !query output
-2


-- !query
select extract(MONTH from interval '2-1' YEAR TO MONTH)
-- !query schema
struct<extract(MONTH FROM INTERVAL '2-1' YEAR TO MONTH):tinyint>
-- !query output
1


-- !query
select date_part('MONTH', interval '2-1' YEAR TO MONTH)
-- !query schema
struct<date_part(MONTH, INTERVAL '2-1' YEAR TO MONTH):tinyint>
-- !query output
1


-- !query
select extract(MONTH from -interval '2-1' YEAR TO MONTH)
-- !query schema
struct<extract(MONTH FROM (- INTERVAL '2-1' YEAR TO MONTH)):tinyint>
-- !query output
-1


-- !query
select date_part(NULL, interval '2-1' YEAR TO MONTH)
-- !query schema
struct<date_part(NULL, INTERVAL '2-1' YEAR TO MONTH):double>
-- !query output
NULL


-- !query
select extract(DAY from interval '2-1' YEAR TO MONTH)
-- !query schema
struct<>
-- !query output
org.apache.spark.sql.AnalysisException
Literals of type 'DAY' are currently not supported for the interval year to month type.; line 1 pos 7


-- !query
select date_part('DAY', interval '2-1' YEAR TO MONTH)
-- !query schema
struct<>
-- !query output
org.apache.spark.sql.AnalysisException
Literals of type 'DAY' are currently not supported for the interval year to month type.; line 1 pos 7


-- !query
select date_part('not_supported', interval '2-1' YEAR TO MONTH)
-- !query schema
struct<>
-- !query output
org.apache.spark.sql.AnalysisException
Literals of type 'not_supported' are currently not supported for the interval year to month type.; line 1 pos 7


-- !query
select extract(DAY from interval '123 12:34:56.789123123' DAY TO SECOND)
-- !query schema
struct<extract(DAY FROM INTERVAL '123 12:34:56.789123' DAY TO SECOND):int>
-- !query output
123


-- !query
select date_part('DAY', interval '123 12:34:56.789123123' DAY TO SECOND)
-- !query schema
struct<date_part(DAY, INTERVAL '123 12:34:56.789123' DAY TO SECOND):int>
-- !query output
123


-- !query
select extract(DAY from -interval '123 12:34:56.789123123' DAY TO SECOND)
-- !query schema
struct<extract(DAY FROM (- INTERVAL '123 12:34:56.789123' DAY TO SECOND)):int>
-- !query output
-123


-- !query
select extract(HOUR from interval '123 12:34:56.789123123' DAY TO SECOND)
-- !query schema
struct<extract(HOUR FROM INTERVAL '123 12:34:56.789123' DAY TO SECOND):tinyint>
-- !query output
12


-- !query
select date_part('HOUR', interval '123 12:34:56.789123123' DAY TO SECOND)
-- !query schema
struct<date_part(HOUR, INTERVAL '123 12:34:56.789123' DAY TO SECOND):tinyint>
-- !query output
12


-- !query
select extract(HOUR from -interval '123 12:34:56.789123123' DAY TO SECOND)
-- !query schema
struct<extract(HOUR FROM (- INTERVAL '123 12:34:56.789123' DAY TO SECOND)):tinyint>
-- !query output
-12


-- !query
select extract(MINUTE from interval '123 12:34:56.789123123' DAY TO SECOND)
-- !query schema
struct<extract(MINUTE FROM INTERVAL '123 12:34:56.789123' DAY TO SECOND):tinyint>
-- !query output
34


-- !query
select date_part('MINUTE', interval '123 12:34:56.789123123' DAY TO SECOND)
-- !query schema
struct<date_part(MINUTE, INTERVAL '123 12:34:56.789123' DAY TO SECOND):tinyint>
-- !query output
34


-- !query
select extract(MINUTE from -interval '123 12:34:56.789123123' DAY TO SECOND)
-- !query schema
struct<extract(MINUTE FROM (- INTERVAL '123 12:34:56.789123' DAY TO SECOND)):tinyint>
-- !query output
-34


-- !query
select extract(SECOND from interval '123 12:34:56.789123123' DAY TO SECOND)
-- !query schema
struct<extract(SECOND FROM INTERVAL '123 12:34:56.789123' DAY TO SECOND):decimal(8,6)>
-- !query output
56.789123


-- !query
select date_part('SECOND', interval '123 12:34:56.789123123' DAY TO SECOND)
-- !query schema
struct<date_part(SECOND, INTERVAL '123 12:34:56.789123' DAY TO SECOND):decimal(8,6)>
-- !query output
56.789123


-- !query
select extract(SECOND from -interval '123 12:34:56.789123123' DAY TO SECOND)
-- !query schema
struct<extract(SECOND FROM (- INTERVAL '123 12:34:56.789123' DAY TO SECOND)):decimal(8,6)>
-- !query output
-56.789123


-- !query
select date_part(NULL, interval '123 12:34:56.789123123' DAY TO SECOND)
-- !query schema
struct<date_part(NULL, INTERVAL '123 12:34:56.789123' DAY TO SECOND):double>
-- !query output
NULL


-- !query
select extract(MONTH from interval '123 12:34:56.789123123' DAY TO SECOND)
-- !query schema
struct<>
-- !query output
org.apache.spark.sql.AnalysisException
Literals of type 'MONTH' are currently not supported for the interval day to second type.; line 1 pos 7


-- !query
select date_part('not_supported', interval '123 12:34:56.789123123' DAY TO SECOND)
-- !query schema
struct<>
-- !query output
org.apache.spark.sql.AnalysisException
Literals of type 'not_supported' are currently not supported for the interval day to second type.; line 1 pos 7
